date,trade_returns_day
2010-02-12,
2010-02-13,
2010-02-17,
2010-02-18,
2010-02-19,
2010-02-20,
2010-02-23,
2010-02-24,
2010-02-25,
2010-02-26,
2010-02-27,
2010-03-02,
2010-03-03,
2010-03-04,
2010-03-05,
2010-03-06,
2010-03-09,
2010-03-10,
2010-03-11,
2010-03-12,
2010-03-13,
2010-03-16,
2010-03-17,
2010-03-18,
2010-03-19,
2010-03-20,
2010-03-23,
2010-03-24,
2010-03-25,
2010-03-26,
2010-03-27,
2010-03-30,
2010-03-31,
2010-04-01,
2010-04-02,
2010-04-06,
2010-04-07,
2010-04-08,
2010-04-09,
2010-04-10,
2010-04-13,
2010-04-14,
2010-04-15,
2010-04-16,
2010-04-17,
2010-04-20,
2010-04-21,
2010-04-22,
2010-04-23,
2010-04-24,
2010-04-27,
2010-04-28,
2010-04-29,
2010-04-30,
2010-05-01,
2010-05-04,
2010-05-05,
2010-05-06,
2010-05-07,
2010-05-08,
2010-05-11,
2010-05-12,
2010-05-13,
2010-05-14,
2010-05-15,
2010-05-18,
2010-05-19,
2010-05-20,
2010-05-21,
2010-05-22,
2010-05-25,
2010-05-26,
2010-05-27,
2010-05-28,
2010-05-29,
2010-06-02,
2010-06-03,
2010-06-04,
2010-06-05,
2010-06-08,
2010-06-09,
2010-06-10,
2010-06-11,
2010-06-12,
2010-06-15,
2010-06-16,
2010-06-17,
2010-06-18,
2010-06-19,
2010-06-22,
2010-06-23,
2010-06-24,
2010-06-25,
2010-06-26,
2010-06-29,
2010-06-30,
2010-07-01,
2010-07-02,
2010-07-03,
2010-07-07,
2010-07-08,
2010-07-09,
2010-07-10,
2010-07-13,
2010-07-14,
2010-07-15,
2010-07-16,
2010-07-17,
2010-07-20,
2010-07-21,
2010-07-22,
2010-07-23,
2010-07-24,
2010-07-27,
2010-07-28,
2010-07-29,
2010-07-30,
2010-07-31,
2010-08-03,
2010-08-04,
2010-08-05,
2010-08-06,
2010-08-07,
2010-08-10,
2010-08-11,
2010-08-12,
2010-08-13,
2010-08-14,
2010-08-17,
2010-08-18,
2010-08-19,
2010-08-20,
2010-08-21,
2010-08-24,
2010-08-25,
2010-08-26,
2010-08-27,
2010-08-28,
2010-08-31,
2010-09-01,
2010-09-02,
2010-09-03,
2010-09-04,
2010-09-08,
2010-09-09,
2010-09-10,
2010-09-11,
2010-09-14,
2010-09-15,
2010-09-16,
2010-09-17,
2010-09-18,
2010-09-21,
2010-09-22,
2010-09-23,
2010-09-24,
2010-09-25,
2010-09-28,
2010-09-29,
2010-09-30,
2010-10-01,
2010-10-02,
2010-10-05,
2010-10-06,
2010-10-07,
2010-10-08,
2010-10-09,
2010-10-12,
2010-10-13,
2010-10-14,
2010-10-15,
2010-10-16,
2010-10-19,
2010-10-20,
2010-10-21,
2010-10-22,
2010-10-23,
2010-10-26,
2010-10-27,
2010-10-28,
2010-10-29,
2010-10-30,
2010-11-02,
2010-11-03,
2010-11-04,
2010-11-05,
2010-11-06,
2010-11-09,
2010-11-10,
2010-11-11,
2010-11-12,
2010-11-13,
2010-11-16,
2010-11-17,
2010-11-18,
2010-11-19,
2010-11-20,
2010-11-23,
2010-11-24,
2010-11-25,
2010-11-27,
2010-11-30,
2010-12-01,
2010-12-02,
2010-12-03,
2010-12-04,
2010-12-07,
2010-12-08,
2010-12-09,
2010-12-10,
2010-12-11,
2010-12-14,
2010-12-15,
2010-12-16,
2010-12-17,
2010-12-18,
2010-12-21,
2010-12-22,
2010-12-23,
2010-12-24,
2010-12-28,
2010-12-29,
2010-12-30,
2010-12-31,
2011-01-01,
2011-01-04,
2011-01-05,
2011-01-06,
2011-01-07,
2011-01-08,
2011-01-11,
2011-01-12,
2011-01-13,
2011-01-14,
2011-01-15,
2011-01-19,
2011-01-20,
2011-01-21,
2011-01-22,
2011-01-25,
2011-01-26,
2011-01-27,
2011-01-28,
2011-01-29,
2011-02-01,
2011-02-02,
2011-02-03,
2011-02-04,
2011-02-05,
2011-02-08,
2011-02-09,
2011-02-10,
2011-02-11,
2011-02-12,
2011-02-15,
2011-02-16,
2011-02-17,
2011-02-18,
2011-02-19,
2011-02-23,
2011-02-24,
2011-02-25,
2011-02-26,
2011-03-01,
2011-03-02,
2011-03-03,
2011-03-04,
2011-03-05,
2011-03-08,
2011-03-09,
2011-03-10,
2011-03-11,
2011-03-12,
2011-03-15,
2011-03-16,
2011-03-17,
2011-03-18,
2011-03-19,
2011-03-22,
2011-03-23,
2011-03-24,
2011-03-25,
2011-03-26,
2011-03-29,
2011-03-30,
2011-03-31,
2011-04-01,
2011-04-02,
2011-04-05,
2011-04-06,
2011-04-07,
2011-04-08,
2011-04-09,
2011-04-12,
2011-04-13,
2011-04-14,
2011-04-15,
2011-04-16,
2011-04-19,
2011-04-20,
2011-04-21,
2011-04-22,
2011-04-26,
2011-04-27,
2011-04-28,
2011-04-29,
2011-04-30,
2011-05-03,
2011-05-04,
2011-05-05,
2011-05-06,
2011-05-07,
2011-05-10,
2011-05-11,
2011-05-12,
2011-05-13,
2011-05-14,
2011-05-17,
2011-05-18,
2011-05-19,
2011-05-20,
2011-05-21,
2011-05-24,
2011-05-25,
2011-05-26,
2011-05-27,
2011-05-28,
2011-06-01,
2011-06-02,
2011-06-03,
2011-06-04,
2011-06-07,
2011-06-08,
2011-06-09,
2011-06-10,
2011-06-11,
2011-06-14,
2011-06-15,
2011-06-16,
2011-06-17,
2011-06-18,
2011-06-21,
2011-06-22,
2011-06-23,
2011-06-24,
2011-06-25,
2011-06-28,
2011-06-29,
2011-06-30,
2011-07-01,
2011-07-02,
2011-07-06,
2011-07-07,
2011-07-08,
2011-07-09,
2011-07-12,
2011-07-13,
2011-07-14,
2011-07-15,
2011-07-16,
2011-07-19,
2011-07-20,
2011-07-21,
2011-07-22,
2011-07-23,
2011-07-26,
2011-07-27,
2011-07-28,
2011-07-29,
2011-07-30,
2011-08-02,
2011-08-03,
2011-08-04,
2011-08-05,
2011-08-06,
2011-08-09,
2011-08-10,
2011-08-11,
2011-08-12,
2011-08-13,
2011-08-16,
2011-08-17,
2011-08-18,
2011-08-19,
2011-08-20,
2011-08-23,
2011-08-24,
2011-08-25,
2011-08-26,
2011-08-27,
2011-08-30,
2011-08-31,
2011-09-01,
2011-09-02,
2011-09-03,
2011-09-07,
2011-09-08,
2011-09-09,
2011-09-10,
2011-09-13,
2011-09-14,
2011-09-15,
2011-09-16,
2011-09-17,
2011-09-20,
2011-09-21,
2011-09-22,
2011-09-23,
2011-09-24,
2011-09-27,
2011-09-28,
2011-09-29,
2011-09-30,
2011-10-01,
2011-10-04,
2011-10-05,
2011-10-06,
2011-10-07,
2011-10-08,
2011-10-11,
2011-10-12,
2011-10-13,
2011-10-14,
2011-10-15,
2011-10-18,
2011-10-19,
2011-10-20,
2011-10-21,
2011-10-22,
2011-10-25,
2011-10-26,
2011-10-27,
2011-10-28,
2011-10-29,
2011-11-01,
2011-11-02,
2011-11-03,
2011-11-04,
2011-11-05,
2011-11-08,
2011-11-09,
2011-11-10,
2011-11-11,
2011-11-12,
2011-11-15,
2011-11-16,
2011-11-17,
2011-11-18,
2011-11-19,
2011-11-22,
2011-11-23,
2011-11-24,
2011-11-26,
2011-11-29,
2011-11-30,
2011-12-01,
2011-12-02,
2011-12-03,
2011-12-06,
2011-12-07,
2011-12-08,
2011-12-09,
2011-12-10,
2011-12-13,
2011-12-14,
2011-12-15,
2011-12-16,
2011-12-17,
2011-12-20,
2011-12-21,
2011-12-22,
2011-12-23,
2011-12-24,
2011-12-28,
2011-12-29,
2011-12-30,
2011-12-31,
2012-01-04,
2012-01-05,
2012-01-06,
2012-01-07,
2012-01-10,
2012-01-11,
2012-01-12,
2012-01-13,
2012-01-14,
2012-01-18,
2012-01-19,
2012-01-20,
2012-01-21,
2012-01-24,
2012-01-25,
2012-01-26,
2012-01-27,
2012-01-28,
2012-01-31,
2012-02-01,
2012-02-02,
2012-02-03,
2012-02-04,
2012-02-07,
2012-02-08,
2012-02-09,
2012-02-10,
2012-02-11,1.0
2012-02-14,
2012-02-15,1.0
2012-02-16,1.0
2012-02-17,
2012-02-18,1.0
2012-02-22,1.0
2012-02-23,1.0
2012-02-24,1.0
2012-02-25,1.0
2012-02-28,1.0
2012-02-29,1.0
2012-03-01,1.0
2012-03-02,1.0
2012-03-03,1.0
2012-03-06,1.0
2012-03-07,1.0
2012-03-08,1.0
2012-03-09,1.0
2012-03-10,1.0
2012-03-13,1.0
2012-03-14,1.0
2012-03-15,1.0
2012-03-16,1.0
2012-03-17,1.0
2012-03-20,1.0
2012-03-21,1.0
2012-03-22,1.0
2012-03-23,1.0
2012-03-24,1.0
2012-03-27,1.0
2012-03-28,1.0
2012-03-29,1.0
2012-03-30,1.0
2012-03-31,1.0
2012-04-03,1.0
2012-04-04,1.0
2012-04-05,1.0
2012-04-06,1.0
2012-04-10,1.0
2012-04-11,1.0
2012-04-12,1.0
2012-04-13,1.0
2012-04-14,1.0
2012-04-17,1.0
2012-04-18,1.0
2012-04-19,1.0
2012-04-20,1.0
2012-04-21,1.0
2012-04-24,1.0
2012-04-25,1.0
2012-04-26,1.0
2012-04-27,1.0
2012-04-28,1.0
2012-05-01,1.0
2012-05-02,1.0
2012-05-03,1.0
2012-05-04,1.0
2012-05-05,1.0
2012-05-08,1.0
2012-05-09,1.0
2012-05-10,1.0
2012-05-11,1.0
2012-05-12,1.0
2012-05-15,1.0
2012-05-16,1.0
2012-05-17,1.0
2012-05-18,
2012-05-19,
2012-05-22,
2012-05-23,
2012-05-24,
2012-05-25,
2012-05-26,
2012-05-30,
2012-05-31,
2012-06-01,
2012-06-02,
2012-06-05,
2012-06-06,
2012-06-07,
2012-06-08,
2012-06-09,
2012-06-12,
2012-06-13,
2012-06-14,
2012-06-15,
2012-06-16,
2012-06-19,
2012-06-20,1.0
2012-06-21,1.0
2012-06-22,1.0
2012-06-23,inf
2012-06-26,0.0
2012-06-27,
2012-06-28,
2012-06-29,
2012-06-30,
2012-07-03,1.0
2012-07-04,1.0
2012-07-06,1.0
2012-07-07,1.0
2012-07-10,1.0
2012-07-11,1.0
2012-07-12,1.0
2012-07-13,
2012-07-14,inf
2012-07-17,0.0
2012-07-18,
2012-07-19,1.0
2012-07-20,1.0
2012-07-21,1.0
2012-07-24,1.0
2012-07-25,1.0
2012-07-26,
2012-07-27,
2012-07-28,
2012-07-31,1.0
2012-08-01,1.0
2012-08-02,1.0
2012-08-03,1.0
2012-08-04,1.0
2012-08-07,1.0
2012-08-08,1.0
2012-08-09,1.0
2012-08-10,1.0
2012-08-11,1.0
2012-08-14,1.0
2012-08-15,1.0
2012-08-16,1.0
2012-08-17,1.0
2012-08-18,1.0
2012-08-21,1.0
2012-08-22,1.0
2012-08-23,1.0
2012-08-24,1.0
2012-08-25,1.0
2012-08-28,1.0
2012-08-29,1.0
2012-08-30,1.0
2012-08-31,1.0
2012-09-01,1.0
2012-09-05,1.0
2012-09-06,1.0
2012-09-07,1.0
2012-09-08,1.0
2012-09-11,1.0
2012-09-12,1.0
2012-09-13,1.0
2012-09-14,1.0
2012-09-15,1.0
2012-09-18,1.0
2012-09-19,1.0
2012-09-20,1.0
2012-09-21,1.0
2012-09-22,1.0
2012-09-25,1.0
2012-09-26,1.0
2012-09-27,1.0
2012-09-28,1.0
2012-09-29,1.0
2012-10-02,1.0
2012-10-03,1.0
2012-10-04,1.0
2012-10-05,1.0
2012-10-06,1.0
2012-10-09,1.0
2012-10-10,1.0
2012-10-11,1.0
2012-10-12,1.0
2012-10-13,1.0
2012-10-16,1.0
2012-10-17,1.0
2012-10-18,1.0
2012-10-19,1.0
2012-10-20,1.0
2012-10-23,1.0
2012-10-24,1.0
2012-10-25,1.0
2012-10-26,1.0
2012-10-27,1.0
2012-11-01,1.0
2012-11-02,1.0
2012-11-03,1.0
2012-11-06,1.0
2012-11-07,1.0
2012-11-08,1.0
2012-11-09,0.0
2012-11-10,
2012-11-13,
2012-11-14,
2012-11-15,
2012-11-16,
2012-11-17,
2012-11-20,
2012-11-21,1.0
2012-11-22,1.0
2012-11-24,1.0
2012-11-27,1.0
2012-11-28,1.0
2012-11-29,1.0
2012-11-30,1.0
2012-12-01,1.0
2012-12-04,1.0
2012-12-05,1.0
2012-12-06,1.0
2012-12-07,1.0
2012-12-08,1.0
2012-12-11,1.0
2012-12-12,1.0
2012-12-13,1.0
2012-12-14,1.0
2012-12-15,1.0
2012-12-18,1.0
2012-12-19,1.0
2012-12-20,1.0
2012-12-21,1.0
2012-12-22,1.0
2012-12-25,1.0
2012-12-27,1.0
2012-12-28,1.0
2012-12-29,1.0
2013-01-01,1.0
2013-01-03,1.0
2013-01-04,1.0
2013-01-05,1.0
2013-01-08,1.0
2013-01-09,1.0
2013-01-10,1.0
2013-01-11,1.0
2013-01-12,1.0
2013-01-15,1.0
2013-01-16,1.0
2013-01-17,1.0
2013-01-18,1.0
2013-01-19,1.0
2013-01-23,1.0
2013-01-24,1.0
2013-01-25,1.0
2013-01-26,1.0
2013-01-29,1.0
2013-01-30,1.0
2013-01-31,1.0
2013-02-01,1.0
2013-02-02,1.0
2013-02-05,1.0
2013-02-06,1.0
2013-02-07,1.0
2013-02-08,1.0
2013-02-09,1.0
2013-02-12,1.0
2013-02-13,1.0
2013-02-14,1.0
2013-02-15,1.0
2013-02-16,1.0
2013-02-20,1.0
2013-02-21,1.0
2013-02-22,1.0
2013-02-23,1.0
2013-02-26,1.0
2013-02-27,1.0
2013-02-28,1.0
2013-03-01,1.0
2013-03-02,1.0
2013-03-05,1.0
2013-03-06,1.0
2013-03-07,1.0
2013-03-08,1.0
2013-03-09,1.0
2013-03-12,1.0
2013-03-13,1.0
2013-03-14,1.0
2013-03-15,1.0
2013-03-16,1.0
2013-03-19,1.0
2013-03-20,1.0
2013-03-21,1.0
2013-03-22,1.0
2013-03-23,1.0
2013-03-26,1.0
2013-03-27,1.0
2013-03-28,1.0
2013-03-29,1.0
2013-04-02,1.0
2013-04-03,1.0
2013-04-04,1.0
2013-04-05,1.0
2013-04-06,1.0
2013-04-09,1.0
2013-04-10,1.0
2013-04-11,1.0
2013-04-12,1.0
2013-04-13,1.0
2013-04-16,1.0
2013-04-17,1.0
2013-04-18,1.0
2013-04-19,1.0
2013-04-20,1.0
2013-04-23,1.0
2013-04-24,1.0
2013-04-25,1.0
2013-04-26,1.0
2013-04-27,1.0
2013-04-30,1.0
2013-05-01,1.0
2013-05-02,1.0
2013-05-03,1.0
2013-05-04,1.0
2013-05-07,1.0
2013-05-08,1.0
2013-05-09,1.0
2013-05-10,1.0
2013-05-11,1.0
2013-05-14,1.0
2013-05-15,1.0
2013-05-16,1.0
2013-05-17,1.0
2013-05-18,1.0
2013-05-21,1.0
2013-05-22,1.0
2013-05-23,1.0
2013-05-24,1.0
2013-05-25,1.0
2013-05-29,1.0
2013-05-30,1.0
2013-05-31,1.0
2013-06-01,1.0
2013-06-04,1.0
2013-06-05,1.0
2013-06-06,1.0
2013-06-07,1.0
2013-06-08,1.0
2013-06-11,1.0
2013-06-12,1.0
2013-06-13,1.0
2013-06-14,1.0
2013-06-15,1.0
2013-06-18,1.0
2013-06-19,1.0
2013-06-20,1.0
2013-06-21,1.0
2013-06-22,1.0
2013-06-25,1.0
2013-06-26,1.0
2013-06-27,1.0
2013-06-28,1.0
2013-06-29,1.0
2013-07-02,1.0
2013-07-03,1.0
2013-07-04,1.0
2013-07-06,1.0
2013-07-09,1.0
2013-07-10,1.0
2013-07-11,1.0
2013-07-12,1.0
2013-07-13,1.0
2013-07-16,1.0
2013-07-17,1.0
2013-07-18,1.0
2013-07-19,1.0
2013-07-20,1.0
2013-07-23,1.0
2013-07-24,1.0
2013-07-25,1.0
2013-07-26,1.0
2013-07-27,1.0
2013-07-30,1.0
2013-07-31,1.0
2013-08-01,1.0
2013-08-02,1.0
2013-08-03,1.0
2013-08-06,1.0
2013-08-07,1.0
2013-08-08,1.0
2013-08-09,1.0
2013-08-10,1.0
2013-08-13,1.0
2013-08-14,1.0
2013-08-15,1.0
2013-08-16,1.0
2013-08-17,1.0
2013-08-20,1.0
2013-08-21,1.0
2013-08-22,1.0
2013-08-23,1.0
2013-08-24,1.0
2013-08-27,1.0
2013-08-28,1.0
2013-08-29,1.0
2013-08-30,1.0
2013-08-31,1.0
2013-09-04,1.0
2013-09-05,1.0
2013-09-06,1.0
2013-09-07,1.0
2013-09-10,1.0
2013-09-11,1.0
2013-09-12,1.0
2013-09-13,1.0
2013-09-14,1.0
2013-09-17,1.0
2013-09-18,1.0
2013-09-19,1.0
2013-09-20,1.0
2013-09-21,1.0
2013-09-24,1.0
2013-09-25,1.0
2013-09-26,1.0
2013-09-27,1.0
2013-09-28,1.0
2013-10-01,1.0
2013-10-02,1.0
2013-10-03,1.0
2013-10-04,1.0
2013-10-05,1.0
2013-10-08,1.0
2013-10-09,1.0
2013-10-10,1.0
2013-10-11,1.0
2013-10-12,1.0
2013-10-15,1.0
2013-10-16,1.0
2013-10-17,1.0
2013-10-18,1.0
2013-10-19,1.0
2013-10-22,1.0
2013-10-23,1.0
2013-10-24,1.0
2013-10-25,1.0
2013-10-26,1.0
2013-10-29,1.0
2013-10-30,1.0
2013-10-31,1.0
2013-11-01,1.0
2013-11-02,1.0
2013-11-05,1.0
2013-11-06,1.0
2013-11-07,1.0
2013-11-08,1.0
2013-11-09,1.0
2013-11-12,1.0
2013-11-13,1.0
2013-11-14,1.0
2013-11-15,1.0
2013-11-16,1.0
2013-11-19,1.0
2013-11-20,1.0
2013-11-21,1.0
2013-11-22,1.0
2013-11-23,1.0
2013-11-26,1.0
2013-11-27,1.0
2013-11-28,1.0
2013-11-30,1.0
2013-12-03,1.0
2013-12-04,1.0
2013-12-05,1.0
2013-12-06,1.0
2013-12-07,1.0
2013-12-10,1.0
2013-12-11,1.0
2013-12-12,1.0
2013-12-13,1.0
2013-12-14,1.0
2013-12-17,1.0
2013-12-18,1.0
2013-12-19,1.0
2013-12-20,1.0
2013-12-21,1.0
2013-12-24,1.0
2013-12-25,1.0
2013-12-27,1.0
2013-12-28,1.0
2013-12-31,1.0
2014-01-01,1.0
2014-01-03,1.0
2014-01-04,1.0
2014-01-07,1.0
2014-01-08,1.0
2014-01-09,1.0
2014-01-10,1.0
2014-01-11,1.0
2014-01-14,1.0
2014-01-15,1.0
2014-01-16,1.0
2014-01-17,1.0
2014-01-18,1.0
2014-01-22,1.0
2014-01-23,1.0
2014-01-24,1.0
2014-01-25,1.0
2014-01-28,1.0
2014-01-29,1.0
2014-01-30,1.0
2014-01-31,1.0
2014-02-01,1.0
2014-02-04,1.0
2014-02-05,1.0
2014-02-06,1.0
2014-02-07,1.0
2014-02-08,1.0
2014-02-11,1.0
2014-02-12,1.0
2014-02-13,1.0
2014-02-14,1.0
2014-02-15,1.0
2014-02-19,1.0
2014-02-20,1.0
2014-02-21,1.0
2014-02-22,1.0
2014-02-25,1.0
2014-02-26,1.0
2014-02-27,1.0
2014-02-28,1.0
2014-03-01,1.0
2014-03-04,1.0
2014-03-05,1.0
2014-03-06,1.0
2014-03-07,1.0
2014-03-08,1.0
2014-03-11,1.0
2014-03-12,1.0
2014-03-13,1.0
2014-03-14,1.0
2014-03-15,1.0
2014-03-18,1.0
2014-03-19,1.0
2014-03-20,1.0
2014-03-21,1.0
2014-03-22,1.0
2014-03-25,1.0
2014-03-26,1.0
2014-03-27,1.0
2014-03-28,1.0
2014-03-29,1.0
2014-04-01,1.0
2014-04-02,1.0
2014-04-03,1.0
2014-04-04,1.0
2014-04-05,1.0
2014-04-08,1.0
2014-04-09,1.0
2014-04-10,1.0
2014-04-11,1.0
2014-04-12,1.0
2014-04-15,1.0
2014-04-16,1.0
2014-04-17,1.0
2014-04-18,1.0
2014-04-22,1.0
2014-04-23,1.0
2014-04-24,1.0
2014-04-25,1.0
2014-04-26,1.0
2014-04-29,1.0
2014-04-30,1.0
2014-05-01,1.0
2014-05-02,1.0
2014-05-03,1.0
2014-05-06,1.0
2014-05-07,1.0
2014-05-08,1.0
2014-05-09,1.0
2014-05-10,1.0
2014-05-13,1.0
2014-05-14,1.0
2014-05-15,1.0
2014-05-16,1.0
2014-05-17,1.0
2014-05-20,1.0
2014-05-21,1.0
2014-05-22,1.0
2014-05-23,1.0
2014-05-24,1.0
2014-05-28,1.0
2014-05-29,1.0
2014-05-30,1.0
2014-05-31,1.0
2014-06-03,1.0
2014-06-04,1.0
2014-06-05,1.0
2014-06-06,1.0
2014-06-07,1.0
2014-06-10,1.0
2014-06-11,1.0
2014-06-12,1.0
2014-06-13,1.0
2014-06-14,1.0
2014-06-17,1.0
2014-06-18,1.0
2014-06-19,1.0
2014-06-20,1.0
2014-06-21,1.0
2014-06-24,1.0
2014-06-25,1.0
2014-06-26,1.0
2014-06-27,1.0
2014-06-28,1.0
2014-07-01,1.0
2014-07-02,1.0
2014-07-03,1.0
2014-07-04,1.0
2014-07-08,1.0
2014-07-09,1.0
2014-07-10,1.0
2014-07-11,1.0
2014-07-12,1.0
2014-07-15,1.0
2014-07-16,1.0
2014-07-17,1.0
2014-07-18,1.0
2014-07-19,1.0
2014-07-22,1.0
2014-07-23,1.0
2014-07-24,1.0
2014-07-25,1.0
2014-07-26,1.0
2014-07-29,1.0
2014-07-30,1.0
2014-07-31,1.0
2014-08-01,1.0
2014-08-02,1.0
2014-08-05,1.0
2014-08-06,1.0
2014-08-07,1.0
2014-08-08,1.0
2014-08-09,1.0
2014-08-12,1.0
2014-08-13,1.0
2014-08-14,1.0
2014-08-15,1.0
2014-08-16,1.0
2014-08-19,1.0
2014-08-20,1.0
2014-08-21,1.0
2014-08-22,1.0
2014-08-23,1.0
2014-08-26,1.0
2014-08-27,1.0
2014-08-28,1.0
2014-08-29,1.0
2014-08-30,1.0
2014-09-03,1.0
2014-09-04,1.0
2014-09-05,1.0
2014-09-06,1.0
2014-09-09,1.0
2014-09-10,1.0
2014-09-11,1.0
2014-09-12,1.0
2014-09-13,1.0
2014-09-16,1.0
2014-09-17,1.0
2014-09-18,1.0
2014-09-19,1.0
2014-09-20,1.0
2014-09-23,1.0
2014-09-24,1.0
2014-09-25,1.0
2014-09-26,1.0
2014-09-27,1.0
2014-09-30,1.0
2014-10-01,1.0
2014-10-02,1.0
2014-10-03,1.0
2014-10-04,1.0
2014-10-07,1.0
2014-10-08,1.0
2014-10-09,1.0
2014-10-10,1.0
2014-10-11,1.0
2014-10-14,0.6666666666666666
2014-10-15,1.0
2014-10-16,1.0
2014-10-17,1.0
2014-10-18,1.0
2014-10-21,1.0
2014-10-22,1.0
2014-10-23,1.0
2014-10-24,1.0
2014-10-25,1.0
2014-10-28,1.0
2014-10-29,1.0
2014-10-30,1.0
2014-10-31,1.0
2014-11-01,1.0
2014-11-04,1.0
2014-11-05,1.0
2014-11-06,1.0
2014-11-07,1.0
2014-11-08,1.0
2014-11-11,1.0
2014-11-12,1.0
2014-11-13,1.0
2014-11-14,1.0
2014-11-15,1.0
2014-11-18,1.0
2014-11-19,1.0
2014-11-20,1.0
2014-11-21,1.0
2014-11-22,1.0
2014-11-25,1.0
2014-11-26,1.0
2014-11-27,1.0
2014-11-29,1.0
2014-12-02,1.0
2014-12-03,1.0
2014-12-04,1.0
2014-12-05,1.0
2014-12-06,1.0
2014-12-09,1.0
2014-12-10,1.0
2014-12-11,1.0
2014-12-12,1.0
2014-12-13,0.75
2014-12-16,1.0
2014-12-17,1.0
2014-12-18,1.0
2014-12-19,1.0
2014-12-20,1.0
2014-12-23,1.0
2014-12-24,1.0
2014-12-25,1.0
2014-12-27,1.0
2014-12-30,1.0
2014-12-31,1.0
2015-01-01,1.0
2015-01-03,1.0
2015-01-06,0.75
2015-01-07,1.0
2015-01-08,1.0
2015-01-09,1.0
2015-01-10,1.0
2015-01-13,1.0
2015-01-14,1.0
2015-01-15,1.0
2015-01-16,1.0
2015-01-17,1.0
2015-01-21,1.0
2015-01-22,1.0
2015-01-23,1.0
2015-01-24,1.0
2015-01-27,1.0
2015-01-28,0.75
2015-01-29,1.0
2015-01-30,1.0
2015-01-31,1.0
2015-02-03,1.0
2015-02-04,1.0
2015-02-05,1.0
2015-02-06,1.0
2015-02-07,1.0
2015-02-10,1.0
2015-02-11,1.0
2015-02-12,1.0
2015-02-13,1.0
2015-02-14,1.0
2015-02-18,1.0
2015-02-19,1.0
2015-02-20,1.0
2015-02-21,1.0
2015-02-24,1.0
2015-02-25,1.0
2015-02-26,1.0
2015-02-27,1.0
2015-02-28,1.0
2015-03-03,1.0
2015-03-04,1.0
2015-03-05,1.0
2015-03-06,1.0
2015-03-07,1.0
2015-03-10,1.0
2015-03-11,1.0
2015-03-12,1.0
2015-03-13,1.0
2015-03-14,1.0
2015-03-17,1.0
2015-03-18,1.0
2015-03-19,1.0
2015-03-20,1.0
2015-03-21,1.0
2015-03-24,1.0
2015-03-25,1.0
2015-03-26,1.0
2015-03-27,1.0
2015-03-28,1.0
2015-03-31,1.0
2015-04-01,1.0
2015-04-02,1.0
2015-04-03,1.0
2015-04-07,1.0
2015-04-08,1.0
2015-04-09,1.0
2015-04-10,1.0
2015-04-11,1.0
2015-04-14,1.0
2015-04-15,1.0
2015-04-16,1.0
2015-04-17,1.0
2015-04-18,1.0
2015-04-21,1.0
2015-04-22,1.0
2015-04-23,1.0
2015-04-24,1.0
2015-04-25,1.0
2015-04-28,1.0
2015-04-29,1.0
2015-04-30,1.0
2015-05-01,1.0
2015-05-02,1.0
2015-05-05,1.0
2015-05-06,1.0
2015-05-07,1.0
2015-05-08,1.0
2015-05-09,1.0
2015-05-12,1.0
2015-05-13,1.0
2015-05-14,1.0
2015-05-15,1.0
2015-05-16,1.0
2015-05-19,1.0
2015-05-20,1.0
2015-05-21,1.0
2015-05-22,1.0
2015-05-23,1.0
2015-05-27,1.0
2015-05-28,1.0
2015-05-29,1.0
2015-05-30,1.0
2015-06-02,1.0
2015-06-03,1.0
2015-06-04,1.0
2015-06-05,1.0
2015-06-06,1.0
2015-06-09,1.0
2015-06-10,1.0
2015-06-11,1.0
2015-06-12,1.0
2015-06-13,1.0
2015-06-16,1.0
2015-06-17,1.0
2015-06-18,1.0
2015-06-19,1.0
2015-06-20,1.0
2015-06-23,1.0
2015-06-24,1.0
2015-06-25,1.0
2015-06-26,1.0
2015-06-27,1.0
2015-06-30,1.0
2015-07-01,1.0
2015-07-02,1.0
2015-07-03,1.0
2015-07-07,1.0
2015-07-08,1.0
2015-07-09,1.0
2015-07-10,1.0
2015-07-11,1.0
2015-07-14,1.0
2015-07-15,1.0
2015-07-16,1.0
2015-07-17,1.0
2015-07-18,1.0
2015-07-21,1.0
2015-07-22,1.0
2015-07-23,1.0
2015-07-24,1.0
2015-07-25,1.0
2015-07-28,1.0
2015-07-29,1.0
2015-07-30,1.0
2015-07-31,1.0
2015-08-01,1.0
2015-08-04,1.0
2015-08-05,1.0
2015-08-06,1.25
2015-08-07,0.8
2015-08-08,1.0
2015-08-11,1.0
2015-08-12,1.0
2015-08-13,1.0
2015-08-14,1.0
2015-08-15,1.0
2015-08-18,1.0
2015-08-19,1.0
2015-08-20,1.0
2015-08-21,1.0
2015-08-22,0.75
2015-08-25,1.0
2015-08-26,1.0
2015-08-27,1.0
2015-08-28,1.0
2015-08-29,1.0
2015-09-01,1.0
2015-09-02,1.0
2015-09-03,1.0
2015-09-04,1.0
2015-09-05,1.0
2015-09-09,1.3333333333333333
2015-09-10,0.75
2015-09-11,1.0
2015-09-12,1.3333333333333333
2015-09-15,1.0
2015-09-16,1.0
2015-09-17,1.0
2015-09-18,1.0
2015-09-19,1.0
2015-09-22,1.0
2015-09-23,0.75
2015-09-24,1.0
2015-09-25,1.0
2015-09-26,1.0
2015-09-29,1.0
2015-09-30,1.0
2015-10-01,1.0
2015-10-02,1.0
2015-10-03,1.0
2015-10-06,1.0
2015-10-07,1.0
2015-10-08,1.3333333333333333
2015-10-09,1.0
2015-10-10,1.0
2015-10-13,1.0
2015-10-14,1.0
2015-10-15,1.0
2015-10-16,1.0
2015-10-17,1.0
2015-10-20,1.0
2015-10-21,1.0
2015-10-22,1.0
2015-10-23,1.0
2015-10-24,1.0
2015-10-27,1.0
2015-10-28,1.0
2015-10-29,1.0
2015-10-30,1.0
2015-10-31,1.0
2015-11-03,1.25
2015-11-04,1.0
2015-11-05,1.0
2015-11-06,1.0
2015-11-07,1.0
2015-11-10,1.0
2015-11-11,0.8
2015-11-12,1.0
2015-11-13,1.0
2015-11-14,1.0
2015-11-17,1.0
2015-11-18,1.0
2015-11-19,1.0
2015-11-20,1.0
2015-11-21,1.0
2015-11-24,1.0
2015-11-25,1.0
2015-11-26,1.0
2015-11-28,1.0
2015-12-01,1.0
2015-12-02,1.0
2015-12-03,1.0
2015-12-04,0.8
2015-12-05,1.25
2015-12-08,1.0
2015-12-09,1.0
2015-12-10,0.8
2015-12-11,1.0
2015-12-12,1.0
2015-12-15,1.0
2015-12-16,1.0
2015-12-17,1.0
2015-12-18,1.0
2015-12-19,1.0
2015-12-22,1.0
2015-12-23,1.0
2015-12-24,1.0
2015-12-25,1.0
2015-12-29,1.0
2015-12-30,1.0
2015-12-31,1.0
2016-01-01,1.0
2016-01-05,1.0
2016-01-06,1.0
2016-01-07,1.0
2016-01-08,1.0
2016-01-09,1.0
2016-01-12,1.0
2016-01-13,1.0
2016-01-14,1.0
2016-01-15,1.0
2016-01-16,1.0
2016-01-20,1.0
2016-01-21,1.0
2016-01-22,1.0
2016-01-23,1.0
2016-01-26,1.0
2016-01-27,1.0
2016-01-28,1.0
2016-01-29,1.0
2016-01-30,1.0
2016-02-02,1.0
2016-02-03,1.0
2016-02-04,1.0
2016-02-05,1.0
2016-02-06,1.0
2016-02-09,0.6666666666666666
2016-02-10,1.0
2016-02-11,1.0
2016-02-12,1.0
2016-02-13,1.5
2016-02-17,1.0
2016-02-18,1.0
2016-02-19,1.0
2016-02-20,1.0
2016-02-23,1.0
2016-02-24,1.0
2016-02-25,1.0
2016-02-26,1.0
2016-02-27,1.0
2016-03-01,1.0
2016-03-02,1.0
2016-03-03,1.0
2016-03-04,1.0
2016-03-05,1.0
2016-03-08,1.0
2016-03-09,1.0
2016-03-10,1.0
2016-03-11,1.0
2016-03-12,1.0
2016-03-15,1.0
2016-03-16,1.0
2016-03-17,1.0
2016-03-18,1.0
2016-03-19,1.0
2016-03-22,1.0
2016-03-23,1.0
2016-03-24,1.0
2016-03-25,1.0
2016-03-29,1.0
2016-03-30,1.0
2016-03-31,1.0
2016-04-01,1.0
2016-04-02,1.0
2016-04-05,1.0
2016-04-06,1.0
2016-04-07,1.0
2016-04-08,1.0
2016-04-09,1.0
2016-04-12,1.0
2016-04-13,1.0
2016-04-14,1.0
2016-04-15,1.0
2016-04-16,1.0
2016-04-19,1.0
2016-04-20,1.0
2016-04-21,1.0
2016-04-22,1.0
2016-04-23,1.0
2016-04-26,1.0
2016-04-27,1.0
2016-04-28,1.0
2016-04-29,1.0
2016-04-30,1.0
2016-05-03,1.0
2016-05-04,1.0
2016-05-05,1.0
2016-05-06,1.0
2016-05-07,1.0
2016-05-10,1.0
2016-05-11,1.0
2016-05-12,1.0
2016-05-13,1.0
2016-05-14,1.0
2016-05-17,1.0
2016-05-18,1.0
2016-05-19,1.0
2016-05-20,1.0
2016-05-21,1.0
2016-05-24,1.0
2016-05-25,1.0
2016-05-26,1.0
2016-05-27,1.0
2016-05-28,1.0
2016-06-01,1.0
2016-06-02,1.0
2016-06-03,1.0
2016-06-04,1.0
2016-06-07,1.0
2016-06-08,1.0
2016-06-09,1.0
2016-06-10,1.0
2016-06-11,1.0
2016-06-14,1.0
2016-06-15,1.0
2016-06-16,1.0
2016-06-17,1.0
2016-06-18,1.0
2016-06-21,1.0
2016-06-22,1.0
2016-06-23,1.0
2016-06-24,1.0
2016-06-25,1.0
2016-06-28,1.0
2016-06-29,1.0
2016-06-30,1.0
2016-07-01,1.0
2016-07-02,1.0
2016-07-06,1.0
2016-07-07,1.0
2016-07-08,1.0
2016-07-09,1.0
2016-07-12,1.0
2016-07-13,1.0
2016-07-14,1.0
2016-07-15,1.0
2016-07-16,1.0
2016-07-19,1.0
2016-07-20,1.0
2016-07-21,1.0
2016-07-22,1.0
2016-07-23,1.0
2016-07-26,1.0
2016-07-27,1.0
2016-07-28,1.0
2016-07-29,1.0
2016-07-30,1.0
2016-08-02,1.0
2016-08-03,1.0
2016-08-04,1.0
2016-08-05,1.0
2016-08-06,1.0
2016-08-09,1.0
2016-08-10,1.0
2016-08-11,1.0
2016-08-12,1.0
2016-08-13,1.0
2016-08-16,1.0
2016-08-17,1.0
2016-08-18,1.0
2016-08-19,1.0
2016-08-20,1.0
2016-08-23,1.0
2016-08-24,1.0
2016-08-25,1.0
2016-08-26,1.0
2016-08-27,1.0
2016-08-30,1.0
2016-08-31,1.0
2016-09-01,1.0
2016-09-02,1.0
2016-09-03,1.0
2016-09-07,1.0
2016-09-08,1.0
2016-09-09,1.0
2016-09-10,0.8
2016-09-13,1.25
2016-09-14,0.8
2016-09-15,1.0
2016-09-16,1.25
2016-09-17,1.0
2016-09-20,1.0
2016-09-21,1.0
2016-09-22,1.0
2016-09-23,1.0
2016-09-24,1.0
2016-09-27,1.0
2016-09-28,1.0
2016-09-29,1.0
2016-09-30,1.0
2016-10-01,1.0
2016-10-04,1.0
2016-10-05,1.0
2016-10-06,1.0
2016-10-07,1.0
2016-10-08,1.0
2016-10-11,1.0
2016-10-12,1.0
2016-10-13,1.0
2016-10-14,1.0
2016-10-15,1.0
2016-10-18,1.0
2016-10-19,1.0
2016-10-20,1.0
2016-10-21,1.0
2016-10-22,1.0
2016-10-25,1.0
2016-10-26,1.0
2016-10-27,1.0
2016-10-28,1.0
2016-10-29,1.0
2016-11-01,1.0
2016-11-02,1.0
2016-11-03,1.0
2016-11-04,1.0
2016-11-05,1.0
2016-11-08,1.25
2016-11-09,1.0
2016-11-10,1.0
2016-11-11,1.0
2016-11-12,1.0
2016-11-15,1.0
2016-11-16,1.0
2016-11-17,1.0
2016-11-18,1.0
2016-11-19,1.0
2016-11-22,1.0
2016-11-23,1.0
2016-11-24,1.0
2016-11-26,1.0
2016-11-29,1.0
2016-11-30,1.0
2016-12-01,1.0
2016-12-02,1.0
2016-12-03,1.0
2016-12-06,1.0
2016-12-07,1.0
2016-12-08,1.0
2016-12-09,1.0
2016-12-10,1.0
2016-12-13,1.0
2016-12-14,1.0
2016-12-15,1.0
2016-12-16,1.0
2016-12-17,1.0
2016-12-20,1.0
2016-12-21,1.0
2016-12-22,1.0
2016-12-23,1.0
2016-12-24,1.0
2016-12-28,1.0
2016-12-29,1.0
2016-12-30,1.0
2016-12-31,1.0
2017-01-04,1.0
2017-01-05,1.0
2017-01-06,1.0
2017-01-07,1.0
2017-01-10,1.0
2017-01-11,1.0
2017-01-12,1.0
2017-01-13,1.0
2017-01-14,1.0
2017-01-18,1.0
2017-01-19,1.0
2017-01-20,1.0
2017-01-21,1.0
2017-01-24,1.0
2017-01-25,1.2
2017-01-26,1.0
2017-01-27,1.0
2017-01-28,1.0
2017-01-31,1.0
2017-02-01,1.0
2017-02-02,1.0
2017-02-03,1.0
2017-02-04,1.0
2017-02-07,1.0
2017-02-08,1.0
2017-02-09,1.0
2017-02-10,1.0
2017-02-11,1.0
2017-02-14,1.0
2017-02-15,1.0
2017-02-16,1.0
2017-02-17,1.0
2017-02-18,1.0
2017-02-22,1.0
2017-02-23,1.0
2017-02-24,1.0
2017-02-25,1.0
2017-02-28,1.0
2017-03-01,1.0
2017-03-02,1.0
2017-03-03,1.0
2017-03-04,1.0
2017-03-07,1.0
2017-03-08,1.0
2017-03-09,1.0
2017-03-10,1.0
2017-03-11,1.0
2017-03-14,1.0
2017-03-15,1.0
2017-03-16,1.0
2017-03-17,1.0
2017-03-18,1.0
2017-03-21,1.0
2017-03-22,1.0
2017-03-23,1.1666666666666667
2017-03-24,1.0
2017-03-25,1.0
2017-03-28,1.0
2017-03-29,1.0
2017-03-30,1.0
2017-03-31,1.0
2017-04-01,1.0
2017-04-04,1.0
2017-04-05,1.0
2017-04-06,1.0
2017-04-07,1.0
2017-04-08,1.0
2017-04-11,1.0
2017-04-12,1.0
2017-04-13,1.0
2017-04-14,1.0
2017-04-18,1.0
2017-04-19,1.0
2017-04-20,1.0
2017-04-21,1.0
2017-04-22,1.0
2017-04-25,1.0
2017-04-26,1.0
2017-04-27,1.0
2017-04-28,1.0
2017-04-29,1.0
2017-05-02,1.0
2017-05-03,1.0
2017-05-04,1.0
2017-05-05,1.0
2017-05-06,1.0
2017-05-09,1.0
2017-05-10,1.0
2017-05-11,1.0
2017-05-12,1.0
2017-05-13,1.0
2017-05-16,1.0
2017-05-17,1.0
2017-05-18,1.0
2017-05-19,1.1428571428571428
2017-05-20,1.0
2017-05-23,1.0
2017-05-24,1.0
2017-05-25,1.0
2017-05-26,1.0
2017-05-27,1.0
2017-05-31,1.0
2017-06-01,1.0
2017-06-02,1.0
2017-06-03,1.0
2017-06-06,1.0
2017-06-07,1.0
2017-06-08,1.0
2017-06-09,1.0
2017-06-10,1.0
2017-06-13,1.0
2017-06-14,1.0
2017-06-15,1.0
2017-06-16,1.0
2017-06-17,1.0
2017-06-20,1.0
2017-06-21,1.0
2017-06-22,1.0
2017-06-23,1.0
2017-06-24,1.0
2017-06-27,1.0
2017-06-28,1.0
2017-06-29,1.0
2017-06-30,1.0
2017-07-01,1.0
2017-07-04,0.875
2017-07-06,1.0
2017-07-07,1.0
2017-07-08,1.1428571428571428
2017-07-11,1.0
2017-07-12,1.0
2017-07-13,1.0
2017-07-14,1.0
2017-07-15,1.0
2017-07-18,1.0
2017-07-19,1.0
2017-07-20,1.0
2017-07-21,1.0
2017-07-22,1.0
2017-07-25,1.0
2017-07-26,1.0
2017-07-27,1.0
2017-07-28,1.0
2017-07-29,1.0
2017-08-01,1.0
2017-08-02,1.0
2017-08-03,1.0
2017-08-04,1.0
2017-08-05,1.0
2017-08-08,1.0
2017-08-09,1.0
2017-08-10,1.0
2017-08-11,1.0
2017-08-12,1.0
2017-08-15,1.125
2017-08-16,1.0
2017-08-17,1.0
2017-08-18,1.0
2017-08-19,1.0
2017-08-22,1.0
2017-08-23,1.0
2017-08-24,1.0
2017-08-25,1.0
2017-08-26,1.0
2017-08-29,1.0
2017-08-30,1.0
2017-08-31,1.0
2017-09-01,1.0
2017-09-02,1.0
2017-09-06,1.0
2017-09-07,1.0
2017-09-08,1.0
2017-09-09,1.0
2017-09-12,1.0
2017-09-13,1.0
2017-09-14,1.0
2017-09-15,1.0
2017-09-16,1.0
2017-09-19,1.0
2017-09-20,1.0
2017-09-21,1.0
2017-09-22,1.0
2017-09-23,1.0
2017-09-26,1.0
2017-09-27,1.0
2017-09-28,1.0
2017-09-29,1.0
2017-09-30,1.0
2017-10-03,1.0
2017-10-04,1.0
2017-10-05,1.0
2017-10-06,1.0
2017-10-07,1.0
2017-10-10,1.0
2017-10-11,1.0
2017-10-12,1.0
2017-10-13,1.0
2017-10-14,1.0
2017-10-17,1.0
2017-10-18,1.0
2017-10-19,1.0
2017-10-20,1.0
2017-10-21,1.0
2017-10-24,1.0
2017-10-25,1.0
2017-10-26,1.0
2017-10-27,1.0
2017-10-28,1.0
2017-10-31,1.0
2017-11-01,1.0
2017-11-02,1.0
2017-11-03,1.0
2017-11-04,1.0
2017-11-07,1.0
2017-11-08,1.0
2017-11-09,1.0
2017-11-10,1.0
2017-11-11,1.0
2017-11-14,1.0
2017-11-15,1.0
2017-11-16,1.0
2017-11-17,1.1
2017-11-18,1.0
2017-11-21,1.0
2017-11-22,1.0
2017-11-23,1.0
2017-11-25,1.0
2017-11-28,1.0
2017-11-29,1.0
2017-11-30,1.0
2017-12-01,1.0
2017-12-02,1.0
2017-12-05,1.0
2017-12-06,1.0
2017-12-07,1.1
2017-12-08,1.0
2017-12-09,1.0
2017-12-12,1.0
2017-12-13,1.0
2017-12-14,1.0
2017-12-15,1.0
2017-12-16,1.0
2017-12-19,1.0
2017-12-20,1.0
2017-12-21,0.9166666666666666
2017-12-22,1.0
2017-12-23,1.0
2017-12-27,1.0
2017-12-28,1.0
2017-12-29,1.0
2017-12-30,1.0
2018-01-03,1.0
2018-01-04,1.0
2018-01-05,1.0
2018-01-06,1.0
2018-01-09,1.0
2018-01-10,1.0
2018-01-11,1.0
2018-01-12,1.0
2018-01-13,1.0
2018-01-17,1.0
2018-01-18,1.0
2018-01-19,1.0
2018-01-20,1.0
2018-01-23,1.0
2018-01-24,1.0
2018-01-25,1.0
2018-01-26,1.0
2018-01-27,1.0
2018-01-30,1.0
2018-01-31,1.0
2018-02-01,1.0
2018-02-02,1.0
2018-02-03,1.0
2018-02-06,0.8461538461538461
2018-02-07,1.0909090909090908
2018-02-08,1.0
2018-02-09,0.8333333333333334
2018-02-10,1.1
2018-02-13,1.0
2018-02-14,1.0
2018-02-15,1.0
2018-02-16,1.0
2018-02-17,1.0
2018-02-21,1.0
2018-02-22,1.0
2018-02-23,1.0
2018-02-24,1.0769230769230769
2018-02-27,1.0
2018-02-28,1.0
2018-03-01,0.9285714285714286
2018-03-02,1.0
2018-03-03,1.0
2018-03-06,1.0
2018-03-07,1.0
2018-03-08,1.0
2018-03-09,1.0
2018-03-10,1.0
2018-03-13,1.0
2018-03-14,1.0
2018-03-15,1.0
2018-03-16,1.0
2018-03-17,1.0
2018-03-20,0.9285714285714286
2018-03-21,1.0
2018-03-22,1.0
2018-03-23,1.0
2018-03-24,0.9166666666666666
2018-03-27,1.1818181818181819
2018-03-28,0.8461538461538461
2018-03-29,1.0
2018-03-30,1.0
2018-04-03,1.0
2018-04-04,1.1
2018-04-05,1.0
2018-04-06,1.0
2018-04-07,1.0
2018-04-10,1.0
2018-04-11,1.0909090909090908
2018-04-12,1.0
2018-04-13,1.0
2018-04-14,1.0
2018-04-17,1.0
2018-04-18,1.0833333333333333
2018-04-19,1.0
2018-04-20,1.0
2018-04-21,1.0
2018-04-24,1.0
2018-04-25,0.9166666666666666
2018-04-26,1.0
2018-04-27,1.0909090909090908
2018-04-28,1.0
2018-05-01,1.0
2018-05-02,1.0909090909090908
2018-05-03,1.0
2018-05-04,1.0
2018-05-05,1.0
2018-05-08,1.0
2018-05-09,1.0
2018-05-10,1.0
2018-05-11,1.0
2018-05-12,1.0
2018-05-15,1.0
2018-05-16,1.0
2018-05-17,1.0
2018-05-18,1.0
2018-05-19,1.0
2018-05-22,1.0
2018-05-23,1.0
2018-05-24,1.0
2018-05-25,1.0
2018-05-26,1.0
2018-05-30,1.0
2018-05-31,1.0769230769230769
2018-06-01,0.9285714285714286
2018-06-02,1.0769230769230769
2018-06-05,1.0714285714285714
2018-06-06,1.0
2018-06-07,1.0
2018-06-08,1.0
2018-06-09,1.0
2018-06-12,1.0
2018-06-13,1.0
2018-06-14,1.0
2018-06-15,1.0
2018-06-16,1.0
2018-06-19,1.0
2018-06-20,1.0
2018-06-21,1.0
2018-06-22,1.0
2018-06-23,1.0
2018-06-26,1.0
2018-06-27,1.0
2018-06-28,0.9285714285714286
2018-06-29,1.0769230769230769
2018-06-30,1.0
2018-07-03,1.0
2018-07-04,1.0
2018-07-06,1.0
2018-07-07,1.0
2018-07-10,1.0
2018-07-11,1.0
2018-07-12,1.0
2018-07-13,1.0666666666666667
2018-07-14,1.0
2018-07-17,1.0
2018-07-18,1.0
2018-07-19,1.0
2018-07-20,1.0
2018-07-21,1.0
2018-07-24,1.0
2018-07-25,1.0
2018-07-26,1.0
2018-07-27,1.0
2018-07-28,1.0
2018-07-31,1.0
2018-08-01,1.0
2018-08-02,1.0
2018-08-03,1.0
2018-08-04,1.0
2018-08-07,1.0
2018-08-08,1.0
2018-08-09,1.0
2018-08-10,1.0
2018-08-11,1.0
2018-08-14,1.0
2018-08-15,1.0
2018-08-16,1.0
2018-08-17,1.0
2018-08-18,1.0
2018-08-21,1.0
2018-08-22,1.0
2018-08-23,1.0
2018-08-24,1.0
2018-08-25,1.0
2018-08-28,1.0
2018-08-29,1.0
2018-08-30,1.0
2018-08-31,1.0
2018-09-01,1.0
2018-09-05,0.9444444444444444
2018-09-06,1.0
2018-09-07,1.0
2018-09-08,1.0
2018-09-11,1.0
2018-09-12,1.0
2018-09-13,1.0
2018-09-14,1.0
2018-09-15,1.0
2018-09-18,1.0
2018-09-19,1.0
2018-09-20,1.0
2018-09-21,1.0
2018-09-22,1.0
2018-09-25,1.0
2018-09-26,1.0
2018-09-27,1.0
2018-09-28,1.0
2018-09-29,1.0
2018-10-02,1.0
2018-10-03,1.0
2018-10-04,1.0
2018-10-05,1.0
2018-10-06,1.0
2018-10-09,0.9375
2018-10-10,1.0666666666666667
2018-10-11,1.0
2018-10-12,1.0
2018-10-13,1.0769230769230769
2018-10-16,0.9285714285714286
2018-10-17,1.1538461538461537
2018-10-18,1.0
2018-10-19,1.0
2018-10-20,1.0
2018-10-23,1.0
2018-10-24,1.0
2018-10-25,0.8571428571428571
2018-10-26,1.0833333333333333
2018-10-27,0.9230769230769231
2018-10-30,0.9166666666666666
2018-10-31,1.0909090909090908
2018-11-01,1.0833333333333333
2018-11-02,1.0
2018-11-03,1.0
2018-11-06,0.9230769230769231
2018-11-07,1.0833333333333333
2018-11-08,1.0
2018-11-09,1.0
2018-11-10,1.0
2018-11-13,0.9230769230769231
2018-11-14,1.0
2018-11-15,0.9166666666666666
2018-11-16,1.0909090909090908
2018-11-17,1.0
2018-11-20,1.0
2018-11-21,0.9090909090909091
2018-11-22,1.0
2018-11-24,1.0
2018-11-27,1.1
2018-11-28,1.0
2018-11-29,1.0
2018-11-30,1.0
2018-12-01,1.0
2018-12-04,1.0833333333333333
2018-12-05,1.0
2018-12-07,1.0909090909090908
2018-12-08,0.8333333333333334
2018-12-11,1.1
2018-12-12,1.0
2018-12-13,1.0
2018-12-14,1.0
2018-12-15,1.0
2018-12-18,1.0
2018-12-19,1.0
2018-12-20,0.9
2018-12-21,1.0
2018-12-22,0.8888888888888888
2018-12-25,0.875
2018-12-27,1.1428571428571428
2018-12-28,1.125
2018-12-29,1.0
2019-01-01,1.0
2019-01-03,1.0
2019-01-04,1.0
2019-01-05,1.125
2019-01-08,1.0
2019-01-09,1.0
2019-01-10,1.0
2019-01-11,1.0
2019-01-12,1.0
2019-01-15,1.0
2019-01-16,1.0
2019-01-17,1.0
2019-01-18,1.0
2019-01-19,1.0
2019-01-23,1.0
2019-01-24,1.0
2019-01-25,1.0
2019-01-26,1.0
2019-01-29,1.0
2019-01-30,1.0
2019-01-31,1.1
2019-02-01,1.0
2019-02-02,1.0
2019-02-05,1.0
2019-02-06,1.0
2019-02-07,1.0
2019-02-08,1.0
2019-02-09,1.0
2019-02-12,1.0
2019-02-13,1.0
2019-02-14,1.0
2019-02-15,1.0
2019-02-16,1.0
2019-02-20,1.0
2019-02-21,1.0
2019-02-22,1.0
2019-02-23,1.0
2019-02-26,1.0
2019-02-27,1.0
2019-02-28,1.0
2019-03-01,1.0
2019-03-02,1.0
2019-03-05,1.0
2019-03-06,1.0
2019-03-07,0.9230769230769231
2019-03-08,1.0
2019-03-09,1.0
2019-03-12,1.0833333333333333
2019-03-13,1.0
2019-03-14,1.0
2019-03-15,1.0
2019-03-16,1.0
2019-03-19,1.0
2019-03-20,1.0
2019-03-21,1.0
2019-03-22,1.0
2019-03-23,1.0
2019-03-26,1.0
2019-03-27,1.0769230769230769
2019-03-28,1.0
2019-03-29,1.0
2019-03-30,1.0769230769230769
2019-04-02,1.0
2019-04-03,1.0
2019-04-04,1.0
2019-04-05,1.0
2019-04-06,1.0
2019-04-09,1.0
2019-04-10,1.0
2019-04-11,1.0
2019-04-12,1.0
2019-04-13,1.0
2019-04-16,1.0
2019-04-17,1.0
2019-04-18,1.0
2019-04-19,1.0
2019-04-23,1.0
2019-04-24,1.0
2019-04-25,1.0
2019-04-26,1.0
2019-04-27,1.0
2019-04-30,1.0
2019-05-01,1.0
2019-05-02,1.0
2019-05-03,1.0
2019-05-04,1.0
2019-05-07,1.0
2019-05-08,0.9375
2019-05-09,1.0
2019-05-10,1.0
2019-05-11,1.0
2019-05-14,1.0
2019-05-15,1.0769230769230769
2019-05-16,1.0
2019-05-17,1.0
2019-05-18,1.0
2019-05-21,0.9285714285714286
2019-05-22,1.0769230769230769
2019-05-23,1.0
2019-05-24,1.0
2019-05-25,1.0
2019-05-29,1.0
2019-05-30,1.0
2019-05-31,1.0
2019-06-01,0.9230769230769231
2019-06-04,0.9166666666666666
2019-06-05,1.0909090909090908
2019-06-06,1.0
2019-06-07,1.0
2019-06-08,1.0
2019-06-11,1.0
2019-06-12,1.0
2019-06-13,1.0
2019-06-14,1.0
2019-06-15,1.0
2019-06-18,1.0
2019-06-19,1.0
2019-06-20,1.0
2019-06-21,1.0
2019-06-22,1.0
2019-06-25,1.0
2019-06-26,1.0
2019-06-27,1.0
2019-06-28,1.0
2019-06-29,1.0
2019-07-02,1.0
2019-07-03,1.0
2019-07-04,1.0
2019-07-06,1.0
2019-07-09,1.0
2019-07-10,1.0
2019-07-11,1.0
2019-07-12,1.0
2019-07-13,1.0
2019-07-16,1.0
2019-07-17,1.0
2019-07-18,0.9411764705882353
2019-07-19,1.0
2019-07-20,1.0
2019-07-23,1.0
2019-07-24,1.0625
2019-07-25,1.0
2019-07-26,1.0
2019-07-27,1.0
2019-07-30,1.0
2019-07-31,1.0
2019-08-01,1.0
2019-08-02,1.0
2019-08-03,0.9375
2019-08-06,0.8666666666666667
2019-08-07,1.0769230769230769
2019-08-08,1.0
2019-08-09,1.0
2019-08-10,1.0
2019-08-13,0.9333333333333333
2019-08-14,1.0714285714285714
2019-08-15,0.9333333333333333
2019-08-16,1.0
2019-08-17,1.0
2019-08-20,1.0
2019-08-21,1.0
2019-08-22,1.0
2019-08-23,1.0
2019-08-24,1.0
2019-08-27,1.0769230769230769
2019-08-28,1.0
2019-08-29,1.0
2019-08-30,1.0714285714285714
2019-08-31,1.0
2019-09-04,1.0
2019-09-05,1.0714285714285714
2019-09-06,1.0666666666666667
2019-09-07,1.0
2019-09-10,1.0
2019-09-11,1.0
2019-09-12,1.0
2019-09-13,1.0
2019-09-14,1.0
2019-09-17,1.0
2019-09-18,1.0
2019-09-19,1.0
2019-09-20,1.0
2019-09-21,1.0
2019-09-24,1.0
2019-09-25,1.0
2019-09-26,1.0
2019-09-27,1.0
2019-09-28,1.0
2019-10-01,1.0
2019-10-02,1.0
2019-10-03,0.9333333333333333
2019-10-04,1.0
2019-10-05,1.0714285714285714
2019-10-08,1.0
2019-10-09,1.0
2019-10-10,1.0
2019-10-11,1.0714285714285714
2019-10-12,1.0
2019-10-15,1.0
2019-10-16,1.0
2019-10-17,1.0
2019-10-18,1.0
2019-10-19,1.0
2019-10-22,1.0
2019-10-23,1.0
2019-10-24,1.0
2019-10-25,1.0
2019-10-26,1.0
2019-10-29,1.0
2019-10-30,1.0
2019-10-31,1.0
2019-11-01,1.0
2019-11-02,1.0
2019-11-05,1.0
2019-11-06,1.0
2019-11-07,1.0
2019-11-08,1.0
2019-11-09,1.0
2019-11-12,1.0
2019-11-13,1.0
2019-11-14,1.0
2019-11-15,1.0
2019-11-16,1.0
2019-11-19,1.0
2019-11-20,1.0
2019-11-21,1.0
2019-11-22,1.0
2019-11-23,1.0
2019-11-26,1.0555555555555556
2019-11-27,1.0
2019-11-28,1.0
2019-11-30,1.0
2019-12-03,1.0
2019-12-04,1.0
2019-12-05,1.0
2019-12-06,1.0
2019-12-07,1.0
2019-12-10,1.0
2019-12-11,1.0
2019-12-12,1.0
2019-12-13,1.0
2019-12-14,1.0
2019-12-17,1.0
2019-12-18,1.0
2019-12-19,1.0
2019-12-20,1.0
2019-12-21,1.0
2019-12-24,1.0
2019-12-25,1.0
2019-12-27,1.0
2019-12-28,1.0
2019-12-31,1.0
2020-01-01,1.0
2020-01-03,1.0476190476190477
2020-01-04,1.0
2020-01-07,1.0
2020-01-08,1.0
2020-01-09,1.0454545454545454
2020-01-10,1.0
2020-01-11,1.0
2020-01-14,1.0
2020-01-15,1.0
2020-01-16,1.0
2020-01-17,1.0
2020-01-18,1.0
2020-01-22,1.0
2020-01-23,1.0416666666666667
2020-01-24,1.0
2020-01-25,1.0
2020-01-28,0.9583333333333334
2020-01-29,1.0434782608695652
2020-01-30,1.0
2020-01-31,1.0
2020-02-01,1.0
2020-02-04,1.0434782608695652
2020-02-05,1.0833333333333333
2020-02-06,1.0
2020-02-07,1.0
2020-02-08,1.0
2020-02-11,1.0384615384615385
2020-02-12,1.0
2020-02-13,1.0
2020-02-14,1.0
2020-02-15,1.0
2020-02-19,1.0
2020-02-20,1.0357142857142858
2020-02-21,0.9655172413793104
2020-02-22,0.9642857142857143
2020-02-25,0.8518518518518519
2020-02-26,0.9130434782608695
2020-02-27,1.0476190476190477
2020-02-28,0.8181818181818182
2020-02-29,1.0555555555555556
2020-03-03,1.105263157894737
2020-03-04,1.0
2020-03-05,1.1578947368421053
2020-03-06,0.9090909090909091
2020-03-07,0.95
2020-03-10,0.7894736842105263
2020-03-11,1.1333333333333333
2020-03-12,0.8823529411764706
2020-03-13,0.7333333333333333
2020-03-14,1.2727272727272727
2020-03-17,0.6428571428571429
2020-03-18,1.1111111111111112
2020-03-19,0.9
2020-03-20,1.1111111111111112
2020-03-21,0.8
2020-03-24,1.0
2020-03-25,1.25
2020-03-26,1.0
2020-03-27,1.0
2020-03-28,1.0
2020-03-31,1.0909090909090908
2020-04-01,0.9166666666666666
2020-04-02,0.9090909090909091
2020-04-03,1.1
2020-04-04,0.9090909090909091
2020-04-07,1.2
2020-04-08,1.0
2020-04-09,1.0
2020-04-10,1.0
2020-04-14,1.0
2020-04-15,1.0
2020-04-16,1.0
2020-04-17,1.0666666666666667
2020-04-18,1.0
2020-04-21,1.0
2020-04-22,0.875
2020-04-23,1.0714285714285714
2020-04-24,1.0
2020-04-25,1.0
2020-04-28,1.0
2020-04-29,1.0
2020-04-30,1.0
2020-05-01,1.0
2020-05-02,0.8823529411764706
2020-05-05,1.0666666666666667
2020-05-06,1.0
2020-05-07,1.0
2020-05-08,1.0
2020-05-09,1.0588235294117647
2020-05-12,1.0
2020-05-13,1.0
2020-05-14,0.9444444444444444
2020-05-15,1.0
2020-05-16,1.0588235294117647
2020-05-19,1.0
2020-05-20,1.0
2020-05-21,1.0526315789473684
2020-05-22,0.95
2020-05-23,1.0
2020-05-27,1.0
2020-05-28,1.0
2020-05-29,1.0
2020-05-30,1.0
2020-06-02,1.0
2020-06-03,1.0
2020-06-04,1.0
2020-06-05,1.0
2020-06-06,1.0
2020-06-09,1.0
2020-06-10,1.0
2020-06-11,1.0434782608695652
2020-06-12,0.8333333333333334
2020-06-13,1.05
2020-06-16,1.0
2020-06-17,1.0
2020-06-18,1.0
2020-06-19,1.0
2020-06-20,1.0
2020-06-23,1.0
2020-06-24,1.0
2020-06-25,1.0
2020-06-26,1.0434782608695652
2020-06-27,0.9166666666666666
2020-06-30,1.0454545454545454
2020-07-01,1.0434782608695652
2020-07-02,1.0
2020-07-03,1.0
2020-07-07,1.0
2020-07-08,1.0
2020-07-09,1.037037037037037
2020-07-10,1.0
2020-07-11,1.0
2020-07-14,1.0
2020-07-15,1.037037037037037
2020-07-16,1.0
2020-07-17,1.0
2020-07-18,1.0
2020-07-21,1.1111111111111112
2020-07-22,1.0
2020-07-23,1.0
2020-07-24,1.0
2020-07-25,0.9629629629629629
2020-07-28,1.0769230769230769
2020-07-29,0.9285714285714286
2020-07-30,1.0384615384615385
2020-07-31,1.037037037037037
2020-08-01,1.0
2020-08-04,1.0
2020-08-05,1.0
2020-08-06,1.0
2020-08-07,1.0
2020-08-08,1.0
2020-08-11,1.0
2020-08-12,1.0
2020-08-13,1.0689655172413792
2020-08-14,1.0
2020-08-15,1.0
2020-08-18,1.032258064516129
2020-08-19,1.0
2020-08-20,1.0
2020-08-21,1.0
2020-08-22,1.0
2020-08-25,1.0
2020-08-26,1.0
2020-08-27,1.0
2020-08-28,1.0
2020-08-29,1.0
2020-09-01,1.0
2020-09-02,1.0
2020-09-03,1.0
2020-09-04,1.0
2020-09-05,0.9722222222222222
2020-09-09,0.8571428571428571
2020-09-10,1.1
2020-09-11,0.9393939393939394
2020-09-12,0.967741935483871
2020-09-15,1.0666666666666667
2020-09-16,1.0
2020-09-17,1.0
2020-09-18,1.0
2020-09-19,0.9666666666666667
2020-09-22,1.0
2020-09-23,1.0689655172413792
2020-09-24,0.9032258064516129
2020-09-25,1.0
2020-09-26,1.0714285714285714
2020-09-29,1.0
2020-09-30,1.0
2020-10-01,1.0
2020-10-02,1.0625
2020-10-03,1.0
2020-10-06,1.064516129032258
2020-10-07,0.9393939393939394
2020-10-08,1.064516129032258
2020-10-09,1.0
2020-10-10,1.0
2020-10-13,1.0
2020-10-14,1.0
2020-10-15,0.9736842105263158
2020-10-16,0.972972972972973
2020-10-17,1.0
2020-10-20,1.0
2020-10-21,1.0
2020-10-22,1.0
2020-10-23,1.0
2020-10-24,1.0
2020-10-27,1.0
2020-10-28,1.0303030303030303
2020-10-29,0.8823529411764706
2020-10-30,1.0333333333333334
2020-10-31,0.9354838709677419
2020-11-03,1.0
2020-11-04,1.0344827586206897
2020-11-05,1.0
2020-11-06,1.0
2020-11-07,1.0
2020-11-10,1.0
2020-11-11,1.0
2020-11-12,1.0
2020-11-13,1.0
2020-11-14,1.0285714285714285
2020-11-17,1.0277777777777777
2020-11-18,1.0
2020-11-19,0.9722222222222222
2020-11-20,1.0285714285714285
2020-11-21,1.0
2020-11-24,1.0
2020-11-25,1.0277777777777777
2020-11-26,1.0
2020-11-28,1.0
2020-12-01,1.0
2020-12-02,1.0
2020-12-03,1.0
2020-12-04,1.0
2020-12-05,1.0
2020-12-08,1.0
2020-12-09,1.0238095238095237
2020-12-10,0.9302325581395349
2020-12-11,1.0
2020-12-12,1.0
2020-12-15,1.0
2020-12-16,1.024390243902439
2020-12-17,1.0238095238095237
2020-12-18,1.0
2020-12-19,1.0
2020-12-22,1.0
2020-12-23,1.0
2020-12-24,1.0
2020-12-25,1.0
2020-12-29,1.0
2020-12-30,1.0
2020-12-31,1.0
2021-01-01,1.0
2021-01-05,1.0
2021-01-06,1.0232558139534884
2021-01-07,0.9545454545454546
2021-01-08,1.0
2021-01-09,1.0
2021-01-12,1.0
2021-01-13,1.0
2021-01-14,1.0222222222222221
2021-01-15,1.0
2021-01-16,0.9777777777777777
2021-01-20,1.0454545454545454
2021-01-21,1.065217391304348
2021-01-22,1.0
2021-01-23,1.0
2021-01-26,1.02
2021-01-27,1.0
2021-01-28,0.9215686274509803
2021-01-29,1.0212765957446808
2021-01-30,0.9375
2021-02-02,1.0666666666666667
2021-02-03,1.0416666666666667
2021-02-04,1.0
2021-02-05,1.0
2021-02-06,1.0
2021-02-09,1.0
2021-02-10,1.0
2021-02-11,1.0
2021-02-12,1.0
2021-02-13,1.0
2021-02-17,1.0
2021-02-18,1.0
2021-02-19,1.0
2021-02-20,0.9811320754716981
2021-02-23,0.9230769230769231
2021-02-24,0.9791666666666666
2021-02-25,1.0425531914893618
2021-02-26,1.0
2021-02-27,1.0232558139534884
2021-03-02,1.0909090909090908
2021-03-03,1.0
2021-03-04,0.9130434782608695
2021-03-05,0.9523809523809523
2021-03-06,1.025
2021-03-09,0.926829268292683
2021-03-10,1.0
2021-03-11,1.0
2021-03-12,1.0
2021-03-13,1.0
2021-03-16,1.0
2021-03-17,1.0
2021-03-18,1.0
2021-03-19,1.0
2021-03-20,1.0238095238095237
2021-03-23,1.0465116279069768
2021-03-24,0.9777777777777777
2021-03-25,0.9545454545454546
2021-03-26,1.0
2021-03-27,1.0476190476190477
2021-03-30,1.0
2021-03-31,1.0
2021-04-01,1.0
2021-04-02,1.0
2021-04-06,1.0
2021-04-07,1.0
2021-04-08,1.0
2021-04-09,1.0
2021-04-10,1.0
2021-04-13,1.0
2021-04-14,1.0
2021-04-15,1.0
2021-04-16,1.0377358490566038
2021-04-17,1.0
2021-04-20,1.0
2021-04-21,0.9814814814814815
2021-04-22,1.0188679245283019
2021-04-23,0.9629629629629629
2021-04-24,1.0384615384615385
2021-04-27,1.0185185185185186
2021-04-28,1.0
2021-04-29,1.0
2021-04-30,1.0
2021-05-01,1.0
2021-05-04,0.9811320754716981
2021-05-05,0.9615384615384616
2021-05-06,0.98
2021-05-07,1.0204081632653061
2021-05-08,1.0
2021-05-11,1.0
2021-05-12,0.9791666666666666
2021-05-13,0.9361702127659575
2021-05-14,1.0227272727272727
2021-05-15,1.0444444444444445
2021-05-18,1.0
2021-05-19,1.0
2021-05-20,1.0
2021-05-21,1.065217391304348
2021-05-22,0.9795918367346939
2021-05-25,1.0
2021-05-26,1.0
2021-05-27,1.02
2021-05-28,0.9803921568627451
2021-05-29,1.0
2021-06-02,1.0
2021-06-03,1.02
2021-06-04,0.9607843137254902
2021-06-05,1.0408163265306123
2021-06-08,1.0196078431372548
2021-06-09,1.0
2021-06-10,1.0
2021-06-11,1.0
2021-06-12,1.0
2021-06-15,1.0
2021-06-16,1.0
2021-06-17,1.0
2021-06-18,1.037037037037037
2021-06-19,0.9821428571428571
2021-06-22,1.018181818181818
2021-06-23,1.0178571428571428
2021-06-24,1.0
2021-06-25,1.0
2021-06-26,1.0
2021-06-29,1.0
2021-06-30,1.0
2021-07-01,1.0
2021-07-02,1.0
2021-07-03,1.0
2021-07-07,1.0
2021-07-08,1.0
2021-07-09,1.0
2021-07-10,1.0158730158730158
2021-07-13,1.015625
2021-07-14,1.0
2021-07-15,1.0
2021-07-16,0.9846153846153847
2021-07-17,0.96875
2021-07-20,0.9838709677419355
2021-07-21,1.0327868852459017
2021-07-22,1.0158730158730158
2021-07-23,1.0
2021-07-24,1.0
2021-07-27,1.0
2021-07-28,1.0
2021-07-29,1.0151515151515151
2021-07-30,1.0
2021-07-31,1.0
2021-08-03,1.0
2021-08-04,1.0151515151515151
2021-08-05,1.0
2021-08-06,1.0298507462686568
2021-08-07,0.9855072463768116
2021-08-10,1.0
2021-08-11,0.9852941176470589
2021-08-12,1.0
2021-08-13,1.0
2021-08-14,1.0
2021-08-17,1.0
2021-08-18,1.0
2021-08-19,0.9696969696969697
2021-08-20,1.015625
2021-08-21,1.0307692307692307
2021-08-24,1.0
2021-08-25,1.0
2021-08-26,1.0
2021-08-27,1.0
2021-08-28,1.0285714285714285
2021-08-31,1.0277777777777777
2021-09-01,1.0
2021-09-02,1.0
2021-09-03,1.0
2021-09-04,1.0
2021-09-08,1.0
2021-09-09,0.9868421052631579
2021-09-10,0.9866666666666667
2021-09-11,0.972972972972973
2021-09-14,1.0
2021-09-15,0.9861111111111112
2021-09-16,1.028169014084507
2021-09-17,1.0
2021-09-18,1.0
2021-09-21,0.9295774647887324
2021-09-22,1.0
2021-09-23,1.0303030303030303
2021-09-24,1.0
2021-09-25,1.0
2021-09-28,1.0
2021-09-29,0.9130434782608695
2021-09-30,1.0
2021-10-01,0.9841269841269841
2021-10-02,1.0161290322580645
2021-10-05,0.9365079365079365
2021-10-06,1.0338983050847457
2021-10-07,1.0327868852459017
2021-10-08,1.0
2021-10-09,1.0
2021-10-12,1.0
2021-10-13,0.9838709677419355
2021-10-14,1.0327868852459017
2021-10-15,1.0
2021-10-16,1.0
2021-10-19,1.0
2021-10-20,1.0
2021-10-21,1.0
2021-10-22,1.0
2021-10-23,1.0
2021-10-26,1.0
2021-10-27,1.0
2021-10-28,1.0
2021-10-29,1.027027027027027
2021-10-30,1.013157894736842
2021-11-02,1.0
2021-11-03,1.0
2021-11-04,1.0
2021-11-05,1.0
2021-11-06,1.0
2021-11-09,1.0
2021-11-10,1.0
2021-11-11,0.9518072289156626
2021-11-12,1.0126582278481013
2021-11-13,1.025
2021-11-16,1.0
2021-11-17,1.0
2021-11-18,1.0
2021-11-19,1.0357142857142858
2021-11-20,1.0114942528735633
2021-11-23,0.9659090909090909
2021-11-24,0.9882352941176471
2021-11-25,1.0119047619047619
2021-11-27,1.0
2021-11-30,1.0625
2021-12-01,0.9529411764705882
2021-12-02,0.9506172839506173
2021-12-03,1.025974025974026
2021-12-04,0.9493670886075949
2021-12-07,1.0133333333333334
2021-12-08,1.0921052631578947
2021-12-09,1.0
2021-12-10,1.0
2021-12-11,1.0246913580246915
2021-12-14,0.963855421686747
2021-12-15,0.9625
2021-12-16,1.0649350649350648
2021-12-17,0.926829268292683
2021-12-18,0.9868421052631579
2021-12-21,0.9733333333333334
2021-12-22,1.0684931506849316
2021-12-23,1.0256410256410255
2021-12-24,1.0
2021-12-28,1.0
2021-12-29,1.0
2021-12-30,1.0
2021-12-31,1.0
2022-01-01,0.9880952380952381
2022-01-04,1.0240963855421688
2022-01-05,0.9647058823529412
2022-01-06,1.0
2022-01-07,1.0
2022-01-08,0.972972972972973
2022-01-11,1.0
2022-01-12,1.0416666666666667
2022-01-13,1.0
2022-01-14,1.0
2022-01-15,1.0142857142857142
2022-01-19,0.9295774647887324
2022-01-20,0.9696969696969697
2022-01-21,0.953125
2022-01-22,0.9180327868852459
2022-01-25,1.0178571428571428
2022-01-26,0.9298245614035088
2022-01-27,1.0
2022-01-28,0.9622641509433962
2022-01-29,1.0980392156862746
2022-02-01,1.0
2022-02-02,1.0
2022-02-03,1.0
2022-02-04,1.0
2022-02-05,1.0357142857142858
2022-02-08,0.9827586206896551
2022-02-09,1.0350877192982457
2022-02-10,1.0677966101694916
2022-02-11,1.0
2022-02-12,0.9137931034482759
2022-02-15,1.0
2022-02-16,1.0754716981132075
2022-02-17,1.0
2022-02-18,1.0
2022-02-19,0.9615384615384616
2022-02-23,0.96
2022-02-24,0.9375
2022-02-25,1.0888888888888888
2022-02-26,1.0408163265306123
2022-03-01,1.0
2022-03-02,1.0
2022-03-03,1.04
2022-03-04,0.9615384615384616
2022-03-05,0.96
2022-03-08,0.875
2022-03-09,1.0
2022-03-10,1.0952380952380953
2022-03-11,0.9782608695652174
2022-03-12,1.0
2022-03-15,0.9285714285714286
2022-03-16,1.1025641025641026
2022-03-17,1.1162790697674418
2022-03-18,1.0
2022-03-19,1.0
2022-03-22,1.0
2022-03-23,1.0
2022-03-24,1.0
2022-03-25,1.0754716981132075
2022-03-26,0.9824561403508771
2022-03-29,1.0
2022-03-30,1.0
2022-03-31,1.0
2022-04-01,0.9666666666666667
2022-04-02,0.9827586206896551
2022-04-05,1.0701754385964912
2022-04-06,1.0
2022-04-07,0.9298245614035088
2022-04-08,1.0188679245283019
2022-04-09,0.9444444444444444
2022-04-12,0.9411764705882353
2022-04-13,0.9791666666666666
2022-04-14,1.0638297872340425
2022-04-15,0.94
2022-04-19,1.0
2022-04-20,1.0638297872340425
2022-04-21,1.0
2022-04-22,1.0
2022-04-23,0.9111111111111111
2022-04-26,1.048780487804878
2022-04-27,0.8837209302325582
2022-04-28,1.0
2022-04-29,1.105263157894737
2022-04-30,1.0
2022-05-03,1.0555555555555556
2022-05-04,1.0
2022-05-05,1.0
2022-05-06,1.0
2022-05-07,0.9714285714285714
2022-05-10,0.8823529411764706
2022-05-11,1.0333333333333334
2022-05-12,0.9032258064516129
2022-05-13,1.0
2022-05-14,1.1071428571428572
2022-05-17,1.0
2022-05-18,1.0
2022-05-19,1.0
2022-05-20,0.9642857142857143
2022-05-21,1.0
2022-05-24,1.037037037037037
2022-05-25,1.0
2022-05-26,1.0
2022-05-27,1.1111111111111112
2022-05-28,1.0
2022-06-01,1.0
2022-06-02,1.0
2022-06-03,1.0625
2022-06-04,0.9411764705882353
2022-06-07,1.0
2022-06-08,1.03125
2022-06-09,1.0
2022-06-10,0.90625
2022-06-11,0.896551724137931
2022-06-14,0.8846153846153846
2022-06-15,1.0
2022-06-16,1.0434782608695652
2022-06-17,1.0
2022-06-18,1.0476190476190477
2022-06-22,1.0909090909090908
2022-06-23,1.0
2022-06-24,1.0
2022-06-25,1.0
2022-06-28,1.0
2022-06-29,1.0
2022-06-30,1.0
2022-07-01,1.0
2022-07-02,1.0
2022-07-06,1.0416666666666667
2022-07-07,1.0
2022-07-08,1.0
2022-07-09,1.0
2022-07-12,1.0
2022-07-13,0.9615384615384616
2022-07-14,1.0
2022-07-15,1.0
2022-07-16,1.04
2022-07-19,1.0
2022-07-20,1.0769230769230769
2022-07-21,1.0357142857142858
2022-07-22,1.0
2022-07-23,1.0
2022-07-26,1.0
2022-07-27,0.9310344827586207
2022-07-28,1.1111111111111112
2022-07-29,1.0333333333333334
2022-07-30,1.0
2022-08-02,1.0
2022-08-03,1.0
2022-08-04,1.0606060606060606
2022-08-05,1.0285714285714285
2022-08-06,1.0
2022-08-09,1.0
2022-08-10,0.9705882352941176
2022-08-11,1.0909090909090908
2022-08-12,1.0
2022-08-13,1.0
2022-08-16,1.0
2022-08-17,1.0
2022-08-18,1.0
2022-08-19,1.0
2022-08-20,0.9459459459459459
2022-08-23,0.9142857142857143
2022-08-24,1.0
2022-08-25,1.0
2022-08-26,1.0625
2022-08-27,1.0
2022-08-30,0.9666666666666667
2022-08-31,0.9655172413793104
2022-09-01,0.9642857142857143
2022-09-02,1.0
2022-09-03,0.9629629629629629
2022-09-07,1.0
2022-09-08,1.0384615384615385
2022-09-09,1.0
2022-09-10,1.0
2022-09-13,1.0
2022-09-14,1.0
2022-09-15,1.04
2022-09-16,0.9615384615384616
2022-09-17,0.96
2022-09-20,1.0416666666666667
2022-09-21,0.96
2022-09-22,0.9583333333333334
2022-09-23,0.9565217391304348
2022-09-24,0.9545454545454546
2022-09-27,1.0
2022-09-28,1.0
2022-09-29,1.0476190476190477
2022-09-30,0.9090909090909091
2022-10-01,0.95
2022-10-04,1.0526315789473684
2022-10-05,1.1
2022-10-06,1.0
2022-10-07,1.0
2022-10-08,0.8636363636363636
2022-10-11,0.9473684210526315
2022-10-12,1.0
2022-10-13,1.0
2022-10-14,1.0555555555555556
2022-10-15,1.0
2022-10-18,1.1176470588235294
2022-10-19,1.0
2022-10-20,1.0
2022-10-21,1.0
2022-10-22,1.0526315789473684
2022-10-25,1.0
2022-10-26,1.0
2022-10-27,1.0
2022-10-28,0.9047619047619048
2022-10-29,1.105263157894737
2022-11-01,1.0
2022-11-02,1.0
2022-11-03,0.9
2022-11-04,0.9444444444444444
2022-11-05,1.0
2022-11-08,1.0588235294117647
2022-11-09,1.0
2022-11-10,1.0
2022-11-11,1.2352941176470589
2022-11-12,1.0476190476190477
2022-11-15,1.0
2022-11-16,1.0
2022-11-17,1.0
2022-11-18,0.9545454545454546
2022-11-19,1.0
2022-11-22,1.0
2022-11-23,1.0
2022-11-24,1.0
2022-11-26,1.0
2022-11-29,1.0
2022-11-30,0.9523809523809523
2022-12-01,1.15
2022-12-02,1.0
2022-12-03,1.0
2022-12-06,1.0
2022-12-07,0.9090909090909091
2022-12-08,1.0
2022-12-09,1.05
2022-12-10,0.9523809523809523
2022-12-13,1.05
2022-12-14,1.0476190476190477
2022-12-15,1.0
2022-12-16,0.9047619047619048
2022-12-17,1.0
2022-12-20,0.9473684210526315
2022-12-21,1.0
2022-12-22,1.0
2022-12-23,1.0
2022-12-24,1.0
2022-12-28,0.9411764705882353
2022-12-29,1.0
2022-12-30,1.0625
2022-12-31,1.0
2023-01-04,1.0
2023-01-05,1.0625
2023-01-06,0.9411764705882353
2023-01-07,1.0625
2023-01-10,1.0588235294117647
2023-01-11,1.0
2023-01-12,1.0
2023-01-13,1.0
2023-01-14,1.0
2023-01-18,1.0
2023-01-19,1.0
2023-01-20,0.9473684210526315
2023-01-21,1.1111111111111112
2023-01-24,1.05
2023-01-25,1.0
2023-01-26,1.0
2023-01-27,1.0
2023-01-28,1.0
2023-01-31,1.0
2023-02-01,1.0476190476190477
2023-02-02,1.0909090909090908
2023-02-03,1.0
2023-02-04,1.0
2023-02-07,0.96
2023-02-08,1.0833333333333333
2023-02-09,0.9230769230769231
2023-02-10,1.0
2023-02-11,0.9583333333333334
2023-02-14,1.0434782608695652
2023-02-15,1.0
2023-02-16,1.0
2023-02-17,1.0
2023-02-18,1.0
2023-02-22,0.9166666666666666
2023-02-23,1.0
2023-02-24,1.0
2023-02-25,1.0
2023-02-28,1.0476190476190477
2023-03-01,1.0
2023-03-02,1.0
2023-03-03,1.0476190476190477
2023-03-04,1.0454545454545454
2023-03-07,1.0
2023-03-08,1.0
2023-03-09,1.0
2023-03-10,0.9545454545454546
2023-03-11,0.9523809523809523
2023-03-14,1.05
2023-03-15,1.0476190476190477
2023-03-16,1.0
2023-03-17,1.0434782608695652
2023-03-18,1.0
2023-03-21,1.0
2023-03-22,1.0416666666666667
2023-03-23,1.0
2023-03-24,1.0416666666666667
2023-03-25,1.0
2023-03-28,1.0
2023-03-29,1.0
2023-03-30,1.0
2023-03-31,1.0
2023-04-01,1.0
2023-04-04,1.0
2023-04-05,1.0
2023-04-06,0.9629629629629629
2023-04-07,1.0384615384615385
2023-04-11,1.0
2023-04-12,1.0
2023-04-13,1.0
2023-04-14,1.0384615384615385
2023-04-15,1.0
2023-04-18,1.0
2023-04-19,1.0
2023-04-20,1.0
2023-04-21,1.0
2023-04-22,1.0
2023-04-25,1.0
2023-04-26,1.0
2023-04-27,1.0
2023-04-28,1.08
2023-04-29,1.0
2023-05-02,1.0
2023-05-03,1.0
2023-05-04,0.9629629629629629
2023-05-05,1.0
2023-05-06,1.0769230769230769
2023-05-09,1.0
2023-05-10,1.0
2023-05-11,1.037037037037037
2023-05-12,1.0357142857142858
2023-05-13,1.0
2023-05-16,1.0
2023-05-17,1.0
2023-05-18,1.0344827586206897
2023-05-19,1.0333333333333334
2023-05-20,1.0
2023-05-23,1.0
2023-05-24,1.0
2023-05-25,1.0
2023-05-26,1.0666666666666667
2023-05-27,1.0625
2023-05-31,1.0
2023-06-01,1.0
2023-06-02,1.0588235294117647
2023-06-03,1.0
2023-06-06,1.0
2023-06-07,1.0
2023-06-08,0.9444444444444444
2023-06-09,1.0588235294117647
2023-06-10,1.0
2023-06-13,1.0
2023-06-14,1.0
2023-06-15,1.0
2023-06-16,1.0
2023-06-17,1.0
2023-06-21,1.0
2023-06-22,0.95
2023-06-23,1.0526315789473684
2023-06-24,0.95
2023-06-27,0.9736842105263158
2023-06-28,1.054054054054054
2023-06-29,1.0
2023-06-30,1.0
2023-07-01,1.0
2023-07-04,1.0
2023-07-06,1.0
2023-07-07,0.975609756097561
2023-07-08,0.975
2023-07-11,1.0
2023-07-12,1.0256410256410255
2023-07-13,1.0
2023-07-14,1.0
2023-07-15,1.0
2023-07-18,1.0
2023-07-19,1.0
2023-07-20,1.0
2023-07-21,1.0
2023-07-22,0.9767441860465116
2023-07-25,1.0
2023-07-26,1.0
2023-07-27,1.0
2023-07-28,1.0
2023-07-29,1.0714285714285714
2023-08-01,1.0
2023-08-02,1.0
2023-08-03,0.9545454545454546
2023-08-04,0.9761904761904762
2023-08-05,1.0
2023-08-08,1.024390243902439
2023-08-09,0.9761904761904762
2023-08-10,0.9512195121951219
2023-08-11,1.0
2023-08-12,1.0
2023-08-15,1.0256410256410255
2023-08-16,0.975
2023-08-17,0.9487179487179487
2023-08-18,0.972972972972973
2023-08-19,1.0
2023-08-22,1.0555555555555556
2023-08-23,1.0
2023-08-24,1.0
2023-08-25,1.0
2023-08-26,1.027027027027027
2023-08-29,1.0
2023-08-30,1.0
2023-08-31,1.0
2023-09-01,1.0
2023-09-02,1.0
2023-09-06,1.0
2023-09-07,0.9761904761904762
2023-09-08,0.975609756097561
2023-09-09,1.0
2023-09-12,1.025
2023-09-13,1.0
2023-09-14,1.0
2023-09-15,1.025
2023-09-16,1.0
2023-09-19,1.0
2023-09-20,1.0
2023-09-21,0.9487179487179487
2023-09-22,0.9459459459459459
2023-09-23,1.0
2023-09-26,1.0285714285714285
2023-09-27,1.0
2023-09-28,1.0
2023-09-29,1.0294117647058822
2023-09-30,1.0
2023-10-03,1.0
2023-10-04,1.0
2023-10-05,1.0294117647058822
2023-10-06,1.0
2023-10-07,1.0
2023-10-10,1.0
2023-10-11,1.0
2023-10-12,1.0
2023-10-13,1.0
2023-10-14,0.9736842105263158
2023-10-17,1.027027027027027
2023-10-18,1.0
2023-10-19,1.0
2023-10-20,0.9722222222222222
2023-10-21,0.9714285714285714
2023-10-24,1.0
2023-10-25,1.0294117647058822
2023-10-26,0.9142857142857143
2023-10-27,0.9375
2023-10-28,1.0333333333333334
2023-10-31,1.032258064516129
2023-11-01,1.0
2023-11-02,1.0
2023-11-03,1.0
2023-11-04,1.0
2023-11-07,1.0
2023-11-08,1.0
2023-11-09,1.0
2023-11-10,1.0
2023-11-11,1.0526315789473684
2023-11-14,1.0
2023-11-15,1.0
2023-11-16,1.0
2023-11-17,1.0
2023-11-18,1.0
2023-11-21,1.0
2023-11-22,1.0
2023-11-23,1.0232558139534884
2023-11-25,1.0
2023-11-28,1.0
2023-11-29,1.0
2023-11-30,1.0
2023-12-01,1.0
2023-12-02,1.0
2023-12-05,1.0
2023-12-06,1.0238095238095237
2023-12-07,0.9767441860465116
2023-12-08,1.0476190476190477
2023-12-09,1.0
2023-12-12,1.0
2023-12-13,1.0
2023-12-14,1.0
2023-12-15,1.0
2023-12-16,1.0
2023-12-19,1.0
2023-12-20,1.0
2023-12-21,1.0
2023-12-22,1.0416666666666667
2023-12-23,1.0
2023-12-27,1.0
2023-12-28,1.0
2023-12-29,1.0
2023-12-30,1.0
2024-01-03,0.96
2024-01-04,0.9583333333333334
2024-01-05,0.9782608695652174
2024-01-06,1.0
2024-01-09,1.0666666666666667
2024-01-10,1.0
2024-01-11,1.0
2024-01-12,1.0
2024-01-13,1.0
2024-01-17,1.0
2024-01-18,0.98
2024-01-19,1.0408163265306123
2024-01-20,1.0588235294117647
2024-01-23,1.0
2024-01-24,1.0
2024-01-25,1.0
2024-01-26,1.0
2024-01-27,1.0
2024-01-30,1.0363636363636364
2024-01-31,0.9649122807017544
2024-02-01,1.0
2024-02-02,1.0384615384615385
2024-02-03,1.0555555555555556
2024-02-06,1.0
2024-02-07,1.0
2024-02-08,1.0357142857142858
2024-02-09,1.0
2024-02-10,1.0
2024-02-13,1.0
2024-02-14,1.0
2024-02-15,1.0357142857142858
2024-02-16,1.0172413793103448
2024-02-17,1.0
2024-02-21,0.9824561403508771
2024-02-22,0.9821428571428571
2024-02-23,1.0909090909090908
2024-02-24,1.0
2024-02-27,1.0
2024-02-28,1.0
2024-02-29,0.9830508474576272
2024-03-01,1.0
2024-03-02,1.0
2024-03-05,1.0
2024-03-06,1.0
2024-03-07,1.0169491525423728
2024-03-08,1.0333333333333334
2024-03-09,1.0
2024-03-12,0.9833333333333333
2024-03-13,1.0338983050847457
2024-03-14,1.0
2024-03-15,1.0
2024-03-16,0.9661016949152542
2024-03-19,1.0350877192982457
2024-03-20,1.0
2024-03-21,1.0
2024-03-22,1.0
2024-03-23,1.0
2024-03-26,0.9838709677419355
2024-03-27,1.0
2024-03-28,1.0
2024-03-29,1.0
2024-04-02,1.0
2024-04-03,0.9836065573770492
2024-04-04,1.0
2024-04-05,0.95
2024-04-06,1.0350877192982457
2024-04-09,1.0
2024-04-10,1.0
2024-04-11,1.0
2024-04-12,1.0517241379310345
2024-04-13,0.9508196721311475
2024-04-16,0.9482758620689655
2024-04-17,1.0
2024-04-18,0.9636363636363636
2024-04-19,0.9811320754716981
2024-04-20,0.9423076923076923
2024-04-23,1.0204081632653061
2024-04-24,1.06
2024-04-25,1.0
2024-04-26,1.0
2024-04-27,1.0576923076923077
2024-04-30,1.0
2024-05-01,1.0
2024-05-02,0.9807692307692307
2024-05-03,1.0392156862745099
2024-05-04,1.0566037735849056
2024-05-07,1.0
2024-05-08,1.0
2024-05-09,1.0
2024-05-10,1.0
2024-05-11,1.0
2024-05-14,1.0
2024-05-15,1.0
2024-05-16,1.0
2024-05-17,1.0
2024-05-18,1.0
2024-05-21,1.032258064516129
2024-05-22,1.0
2024-05-23,1.0
2024-05-24,0.984375
2024-05-25,1.0317460317460319
2024-05-29,1.0153846153846153
2024-05-30,1.0
2024-05-31,0.96875
2024-06-01,1.0
2024-06-04,1.0161290322580645
2024-06-05,1.0
2024-06-06,1.0
2024-06-07,1.0
2024-06-08,1.0
2024-06-11,1.0
2024-06-12,1.0298507462686568
2024-06-13,1.0
2024-06-14,1.0
2024-06-15,1.0
2024-06-18,1.0
2024-06-19,1.0
2024-06-21,1.0
2024-06-22,0.9866666666666667
2024-06-25,0.9594594594594594
2024-06-26,1.0422535211267605
2024-06-27,1.0
2024-06-28,1.0
2024-06-29,1.0
2024-07-02,1.0273972602739727
2024-07-03,1.0266666666666666
2024-07-04,1.0
2024-07-06,1.0
2024-07-09,1.0
2024-07-10,1.0
2024-07-11,1.0
2024-07-12,1.0
2024-07-13,1.0126582278481013
2024-07-16,1.0125
2024-07-17,1.0
2024-07-18,1.0
2024-07-19,0.9864864864864865
2024-07-20,0.9726027397260274
2024-07-23,1.0422535211267605
2024-07-24,0.9864864864864865
2024-07-25,1.0
2024-07-26,0.9692307692307692
2024-07-27,1.0317460317460319
2024-07-30,1.0
2024-07-31,1.0
2024-08-01,1.096774193548387
2024-08-02,0.9264705882352942
2024-08-03,0.9206349206349206
2024-08-06,0.9137931034482759
2024-08-07,1.0188679245283019
2024-08-08,0.9814814814814815
2024-08-09,1.0943396226415094
2024-08-10,1.0
2024-08-13,1.0
2024-08-14,1.0
2024-08-15,1.0
2024-08-16,1.0
2024-08-17,1.0
2024-08-20,1.0
2024-08-21,1.0
2024-08-22,1.0
2024-08-23,0.9577464788732394
2024-08-24,1.0294117647058822
2024-08-27,0.9714285714285714
2024-08-28,1.0
2024-08-29,0.9565217391304348
2024-08-30,1.0
2024-08-31,1.0303030303030303
2024-09-04,1.0
2024-09-05,0.9838709677419355
2024-09-06,1.0163934426229508
2024-09-07,0.9032258064516129
2024-09-10,1.0535714285714286
2024-09-11,1.0169491525423728
2024-09-12,1.0
2024-09-13,1.0
2024-09-14,1.0
2024-09-17,1.0
2024-09-18,1.0
2024-09-19,1.0
2024-09-20,1.0769230769230769
2024-09-21,1.0
2024-09-24,1.0
2024-09-25,1.0142857142857142
2024-09-26,1.0
2024-09-27,1.028169014084507
2024-09-28,0.9726027397260274
2024-10-01,1.0140845070422535
2024-10-02,0.9583333333333334
2024-10-03,1.0
2024-10-04,1.0
2024-10-05,1.0289855072463767
2024-10-08,1.0
2024-10-09,1.0434782608695652
